"userID";"Cultural";"Amusement";"Shopping";"Structure";"Sport";"Beach"
"10012675@N05";1;0;0;0;0;0
"10014440@N06";0;0.692917198573755;0.307082801426245;0;0;0
"10031363@N00";1;0;0;0;0;0
"101607720@N06";0;0;0;1;0;0
"10218635@N06";0;0;1;0;0;0
"10282509@N00";1;0;0;0;0;0
"10285309@N08";0;0;0;0;1;0
"10297518@N00";1;0;0;0;0;0
"10316646@N07";1;0;0;0;0;0
"10488855@N00";0;0;0;1;0;0
"10502709@N05";0.33583139478193;0;0.473540514563513;0.0321637019599103;0;0.158464388694647
"10517457@N04";1;0;0;0;0;0
"10563628@N04";0;1;0;0;0;0
"10575698@N02";0.634474956289211;0;0.365525043710789;0;0;0
"10602166@N06";1;0;0;0;0;0
"10627620@N06";0.0780442639108748;0;0.0205191003852932;0.75362145694573;0.140736537140468;0.00707864161763388
"10789562@N08";0.602490743857287;0;0;0.308650286098957;0;0.0888589700437563
"10859651@N06";1;0;0;0;0;0
"10891813@N04";0;0;0;1;0;0
"11036650@N00";0.108029197080292;0.891970802919708;0;0;0;0
"11090433@N05";0.0271302304467409;0.000267029827231702;0.00193596624742984;0.163315442334909;0.416726748377794;0.390624582765895
"11191102@N07";0.0528649221724254;0.0805744301479447;0.730133487542769;0.0590332996000193;0;0.0773938605368416
"11211909@N00";1;0;0;0;0;0
"11241023@N03";0.405968253968254;0;0;0.531174603174603;0;0.0628571428571429
"11349639@N00";0;0.88418846172169;0;0;0;0.11581153827831
"11463621@N03";0;0;0.303298985541976;0;0;0.696701014458024
"11531843@N07";0;0;0;0;0;1
"12072678@N00";0;0;0.0877660601846487;0.00135202997643605;0;0.910881909838915
"12172493@N07";0.481141634766944;0;0.453951812654807;0;0;0.0649065525782481
"12316147@N05";0.458070704302549;0.355348497305198;0;0;0.186580798392254;0
"12323473@N00";0;0;0;0;0;1
"12369809@N07";0.655801698057968;0;0;0;0;0.344198301942032
"12445963@N00";0;1;0;0;0;0
"12518297@N00";0;0;0;0;1;0
"12544530@N06";0;0;0;0;1;0
"12641532@N00";0.102380952380952;0;0.897619047619048;0;0;0
"12659736@N02";0;0;0;0;0;1
"12693197@N06";0;1;0;0;0;0
"12693966@N07";0.00744393565809557;0.240483738405542;0;0;0.752072325936363;0
"12829633@N05";0;1;0;0;0;0
"12874594@N08";0.478044596912521;0;0.495883361921098;0.0260720411663808;0;0
"12925338@N07";0;0;0;1;0;0
"13113559@N00";0;0;0;0;0;1
"13127232@N00";1;0;0;0;0;0
"13411198@N00";0;0;0;0;1;0
"13453601@N03";0.964470429503036;0;0.0355295704969642;0;0;0
"13511601@N00";0;0;1;0;0;0
"13528098@N00";0;0.139027877055039;0;0.860972122944961;0;0
"13613374@N00";0;1;0;0;0;0
"13644648@N03";0.103456495828367;0;0.729439809296782;0.000715137067938022;0;0.166388557806913
"13668544@N03";1;0;0;0;0;0
"13672753@N00";0.0269043024179816;0.964241117039392;0;0;0;0.00885458054262686
"13785615@N00";1;0;0;0;0;0
"13833167@N00";0.587269319111862;0;0;0.12728040763524;0;0.285450273252898
"13837307@N05";1;0;0;0;0;0
"13907834@N00";0.451255676026318;0.548744323973682;0;0;0;0
"13918219@N00";1;0;0;0;0;0
"13941015@N02";0;0;1;0;0;0
"14036428@N00";0.99045047318612;0.000701577287066246;0;0;0;0.00884794952681388
"14112399@N00";0;0;1;0;0;0
"14125170@N02";0;0;1;0;0;0
"14146962@N07";0;1;0;0;0;0
"14351900@N00";0.944998651927743;0;0.0550013480722567;0;0;0
"14391210@N00";0.0903349807797913;0;0.632344865458539;0.00521691378363537;0;0.272103239978034
"14617133@N05";0;0;0;0.989858906525573;0;0.0101410934744268
"14678786@N00";0;0;0;0;0;1
"14718163@N08";0.0131331261217879;0;0.016635293087598;0;0;0.970231580790614
"14750766@N02";0.0223613971669959;0.903450884788365;0.0741877180446387;0;0;0
"14816925@N00";0.143488728386956;0.558021448894725;0.130203545633618;0;0.0550886408404465;0.113197636244255
"14853721@N00";0.773325358851675;0.207535885167464;0;0.0191387559808612;0;0
"14864718@N02";0;0;0;0.00506329113924051;0;0.994936708860759
"14871980@N05";0;0;0;0;0;1
"14878709@N00";0;0.230101222412744;0.145915150174235;0.575695558382654;0;0.0482880690303667
"14954127@N00";0;0;1;0;0;0
"14972286@N00";0;0;0;0;1;0
"15056061@N00";1;0;0;0;0;0
"15205252@N00";0.113483146067416;0.841573033707865;0;0;0.0449438202247191;0
"15268840@N08";0;0;1;0;0;0
"15273063@N00";0;0;0;1;0;0
"15345244@N00";0;0;0;0;0;1
"15511507@N00";0;0;0;0;1;0
"15580384@N05";0;0;0;1;0;0
"15588970@N02";0;0;0;0;1;0
"15609463@N03";0.0419099249374479;0;0;0.778044203502919;0;0.180045871559633
"15743963@N08";1;0;0;0;0;0
"15901111@N00";0;0;1;0;0;0
"15925704@N00";0.206625491297024;0;0.793374508702976;0;0;0
"16048448@N00";0;0.795940637276299;0;0.139895242252292;0;0.0641641204714099
"16073996@N00";1;0;0;0;0;0
"16125685@N04";0.120054144106622;0;0.0154102457309454;0;0;0.864535610162432
"16326397@N02";0.132291269538696;0.31266149870801;0;0;0.51929512432753;0.0357521074257635
"16478858@N00";0;0;0;1;0;0
"16503481@N04";0;0.651819006348886;0;0;0;0.348180993651114
"16693950@N00";0.0131522460289584;0.209694415173867;0.00132693283378215;0.228778831518558;0;0.547047574444835
"16846345@N07";0.864511865046894;0.135488134953106;0;0;0;0
"16926694@N06";0.964860528903379;0;0;0.0351394710966206;0;0
"17304462@N00";0;0;0;0;0;1
"17373191@N00";0;0;0;0;0.738664271580336;0.261335728419664
"17559979@N00";0;0;0;1;0;0
"17593639@N08";0;0;0;0;0;1
"17643132@N00";1;0;0;0;0;0
"17643382@N00";0;0;0.412047399605003;0;0;0.587952600394997
"17728973@N00";0.846782431052094;0;0.00817160367722165;0;0;0.145045965270684
"17759914@N00";0.477758230711234;0;0;0;0.348203066097009;0.174038703191757
"17856604@N00";0.184895833333333;0;0.815104166666667;0;0;0
"18091121@N00";0;0;1;0;0;0
"18222776@N00";0;0.879023307436182;0;0.0266370699223085;0;0.0943396226415094
"18378305@N00";0.0133022170361727;0;0.931855309218203;0.0548424737456243;0;0
"18378655@N00";0;0;1;0;0;0
"18383768@N00";0;0.438310529446758;0.561689470553242;0;0;0
"18412989@N00";0;0.107696933253157;0.163860493084787;0;0.427510523150932;0.300932050511124
"18432549@N00";0;0;0;0;0;1
"18532235@N00";0;0;0;0;0;1
"18948547@N00";0;0;0.235534607572522;0.220274985677829;0.444325816363731;0.0998645903859174
"18983894@N00";0.992424242424242;0;0.00757575757575758;0;0;0
"19611789@N00";0;0;0;0;0.995957145744896;0.0040428542551041
"19614198@N00";1;0;0;0;0;0
"19720483@N04";0;0;1;0;0;0
"19761391@N06";0;0.318368405133302;0.678822970228579;0.00280862463811952;0;0
"20025990@N00";0;0;0;0;1;0
"20075574@N00";0.397435897435897;0;0.153846153846154;0;0;0.448717948717949
"20138806@N00";1;0;0;0;0;0
"20169331@N00";0;1;0;0;0;0
"20275330@N00";0;0;1;0;0;0
"20324540@N00";0;1;0;0;0;0
"20342758@N00";0.391264861294584;0;0.608735138705416;0;0;0
"20344209@N00";0.683214427269124;0.316785572730876;0;0;0;0
"20456447@N03";0.0785946708535281;0.567843083714474;0;0.00116048877056454;0.235510956379275;0.116890800282158
"20532289@N00";0;0.360881246641591;0.639118753358409;0;0;0
"20605823@N00";0.846339635212793;0;0;0;0;0.153660364787207
"20675126@N00";0;1;0;0;0;0
"20675795@N00";1;0;0;0;0;0
"20688578@N00";0.98153907896057;0;0;0.0184609210394301;0;0
"20741443@N00";0.293607110008869;0.0442178826002694;0.104634070229609;0.304280745984298;0.0147960943402424;0.238464096836711
"20757913@N00";1;0;0;0;0;0
"21012141@N00";0;0;1;0;0;0
"21116747@N02";0;1;0;0;0;0
"21133927@N05";0;0.99138027538341;0.00861972461659017;0;0;0
"21196647@N02";0.841940318844529;0.0540945632920016;0;0;0;0.103965117863469
"21470941@N07";0;0;0;1;0;0
"21491187@N08";0.149739583333333;0;0.850260416666667;0;0;0
"21784565@N04";0;0;0;1;0;0
"21895912@N02";0;0;1;0;0;0
"22044565@N00";0;0;0.436552274541101;0.563447725458899;0;0
"22057420@N00";1;0;0;0;0;0
"22111831@N05";1;0;0;0;0;0
"22139500@N06";0;0;0;0;0;1
"22168167@N00";0;0.92610539067232;0;0.0738946093276802;0;0
"22240293@N05";0;0;0;0;0;1
"22292214@N00";0;0;0;0.803418803418803;0;0.196581196581197
"22489773@N02";0.487632508833922;0;0;0;0.512367491166078;0
"22607526@N00";0;0.996839988509049;0;0.00316001149095088;0;0
"22852813@N04";0;0;0;1;0;0
"22929018@N06";0;0;0.84256880733945;0.15743119266055;0;0
"22979982@N06";0;0;1;0;0;0
"22996605@N05";0.529149159663865;0.00677521008403361;0;0;0.464075630252101;0
"23017169@N08";1;0;0;0;0;0
"23056733@N05";1;0;0;0;0;0
"23072179@N00";0;0;1;0;0;0
"23119895@N00";0.772056907603314;0.227943092396686;0;0;0;0
"23269969@N00";1;0;0;0;0;0
"23337613@N00";1;0;0;0;0;0
"23339848@N00";1;0;0;0;0;0
"23386158@N00";0;0;0;0;0;1
"23582291@N03";0;0;0;0.0685714285714286;0;0.931428571428571
"23739231@N00";0;1;0;0;0;0
"23740710@N04";0;0;0;0;0;1
"23836265@N00";1;0;0;0;0;0
"23877016@N03";0;1;0;0;0;0
"23879561@N06";0;0.949282147315855;0;0;0;0.0507178526841448
"23908938@N02";0.158272049097931;0.402756467911751;0;0.0131209988889477;0.42585048410137;0
"23987663@N00";0.0304033452391323;0;0.0694311351162993;0.170398118302988;0.547260214304382;0.182507187037198
"24128704@N08";0;0.303636363636364;0.696363636363636;0;0;0
"24186340@N03";0;0;0;0;0.917448405253283;0.0825515947467167
"24306356@N00";0.871596049109203;0.128403950890797;0;0;0;0
"24395354@N02";1;0;0;0;0;0
"24503701@N02";1;0;0;0;0;0
"24566752@N05";0;0.0871782826079662;0;0;0.912821717392034;0
"24585780@N00";1;0;0;0;0;0
"24616128@N00";0.72484003025319;0;0.182725668391419;0.033482598412908;0.00346951270754049;0.0554821902349424
"24694793@N05";1;0;0;0;0;0
"24741597@N00";0.914150943396226;0;0;0;0.0858490566037736;0
"24819841@N06";1;0;0;0;0;0
"24854893@N00";0.776616742133984;0;0.0957273888308371;0.0816788575409265;0;0.0459770114942529
"24910973@N03";1;0;0;0;0;0
"24914070@N07";1;0;0;0;0;0
"25009109@N06";1;0;0;0;0;0
"25113640@N00";1;0;0;0;0;0
"25133522@N00";0.816467143226251;0;0.162173800706227;0;0;0.0213590560675222
"25377075@N07";1;0;0;0;0;0
"25475928@N04";0;0.0278156386878217;0.00420807473964192;0.243208193836097;0;0.72476809273644
"25561968@N00";0;1;0;0;0;0
"25652622@N00";0;0;0;1;0;0
"25653648@N08";0;1;0;0;0;0
"25779700@N00";0;0;0.0613786591123702;0;0;0.93862134088763
"25802393@N02";0.319148936170213;0.533204384268214;0;0.137330754352031;0.0103159252095422;0
"25846522@N00";0.845950238221281;0;0.0644331846025864;0.0405354306889511;0;0.0490811464871814
"25964835@N02";0.93835910652921;0;0;0.0616408934707904;0;0
"25970113@N08";1;0;0;0;0;0
"26010466@N07";0.483582089552239;0;0;0;0.516417910447761;0
"26125239@N00";0;1;0;0;0;0
"26150046@N06";1;0;0;0;0;0
"26240579@N05";0;0.289249806651199;0.704820830110853;0.00386697602474865;0;0.00206238721319928
"26344918@N04";0.985168909640209;0;0;0;0.0148310903597913;0
"26372307@N03";0;0;0;0;1;0
"26408216@N06";0;0;1;0;0;0
"26416016@N02";1;0;0;0;0;0
"26487906@N00";0;0;0;1;0;0
"26736723@N00";0.991112923826595;0.00888707617340532;0;0;0;0
"26761048@N05";0;0;1;0;0;0
"26771458@N08";1;0;0;0;0;0
"26968823@N07";0;0;0;0;1;0
"27031977@N04";0;0;0;0;0;1
"27065387@N00";0.196522006771314;0;0;0;0;0.803477993228686
"27124254@N00";0.721809761834754;0;0;0.0131578947368421;0.265032343428403;0
"27168489@N00";0.0270770654940986;0.915760240685027;0;0;0;0.0571626938208748
"27291676@N06";0;1;0;0;0;0
"27404953@N06";0;1;0;0;0;0
"27633308@N05";1;0;0;0;0;0
"27703725@N00";1;0;0;0;0;0
"27712418@N02";0;0;1;0;0;0
"27725047@N00";0;1;0;0;0;0
"27914970@N04";0;0.00909488065451368;0;0.327336272290401;0.663568847055086;0
"27947906@N08";0.794527124339894;0.205472875660106;0;0;0;0
"28066281@N03";1;0;0;0;0;0
"28085418@N07";1;0;0;0;0;0
"28157992@N03";1;0;0;0;0;0
"28179139@N08";0.792109256449165;0;0;0.207890743550835;0;0
"28185541@N00";0;0;1;0;0;0
"28288718@N03";0.000984163908025409;0;0.00751543347946676;0.00867853627986043;0.000626286123288897;0.982195580209358
"28309363@N07";0.912423625254582;0;0.0875763747454175;0;0;0
"28426408@N00";0.882772899264653;0;0.117227100735347;0;0;0
"28550826@N08";0;0;0;1;0;0
"28581121@N00";0;0;0;1;0;0
"28621544@N00";0;0;0.989248863554369;0.000378815210332636;0;0.0103723212352984
"28636659@N05";1;0;0;0;0;0
"28686493@N08";0.307823129251701;0.692176870748299;0;0;0;0
"28721558@N07";0;0;0.11516114614888;0;0.478422803794011;0.406416050057109
"28752281@N07";0;0;1;0;0;0
"28801512@N00";0;0;1;0;0;0
"28919631@N00";1;0;0;0;0;0
"29052829@N00";0.502717077118742;0;0;0;0.496589201063707;0.000693721817551162
"29125594@N03";0.0970283656010806;0;0.819225574065736;0.0520036019810896;0;0.0317424583520937
"29146273@N03";0.333333333333333;0;0;0.333333333333333;0;0.333333333333333
"29242611@N05";1;0;0;0;0;0
"29258829@N04";0;1;0;0;0;0
"29352917@N00";0.524855104770397;0.180896121266161;0.212160053499777;0.0820887204636647;0;0
"29488788@N06";0;0;0;1;0;0
"29593526@N07";0;1;0;0;0;0
"29619840@N00";0.404757105422294;0.348518443862125;0;0;0.246724450715581;0
"30129139@N04";0.450200803212851;0.549799196787149;0;0;0;0
"30194349@N06";0;0;0;0;0;1
"30460784@N04";0;0;0;0;0;1
"30624156@N00";0.261587235045982;0.00343228443419708;0.180771346975136;0.108352765478031;0.134422406791207;0.311433961275447
"30739892@N03";0;0.0964264619019492;0.619167158889545;0.0201565268753692;0;0.264249852333136
"30769448@N00";1;0;0;0;0;0
"30855862@N07";0.595652173913044;0.404347826086957;0;0;0;0
"30934989@N06";1;0;0;0;0;0
"30981722@N00";1;0;0;0;0;0
"31105156@N08";0;0;0;0;0;1
"31114347@N05";0;0;0.652994791666667;0.347005208333333;0;0
"31185142@N00";1;0;0;0;0;0
"31349854@N00";0;0;0;1;0;0
"31499593@N03";0.99891713690999;0;0.000120318121112221;0.000132349933223443;0;0.000830195035674323
"31624976@N00";1;0;0;0;0;0
"31671926@N00";0;0;0;0;1;0
"31911001@N00";0;0.0139533070896831;0.712515103090774;0;0.245469072767666;0.0280625170518767
"32038338@N02";0;0;1;0;0;0
"32044903@N04";0.461538461538462;0;0.430769230769231;0.107692307692308;0;0
"32132568@N06";0;0;0;1;0;0
"32155291@N05";0.299089726918075;0;0;0;0.700910273081925;0
"32188688@N00";0;0;0.686780317438362;0.00463363186832186;0.0213354541996611;0.287250596493655
"32401601@N00";0;0;0;0;0;1
"32437467@N00";1;0;0;0;0;0
"32665807@N06";0.995405894140071;0;0;0;0;0.00459410585992865
"32781576@N04";0.20834731262162;0.299805408307052;0.224317251560089;0;0;0.267530027511239
"32827327@N03";0;0;0.224717232202262;0.0548902195608782;0;0.72039254823686
"32876255@N06";0;0;0.889881506296917;0;0;0.110118493703083
"32934461@N00";0.242041265737948;0.167743788596869;0;0.0107233472162382;0;0.579491598448944
"32944866@N04";0;0;0;0.00499126528574994;0;0.99500873471425
"33016744@N07";0;1;0;0;0;0
"33123827@N00";0;0;0;0;0;1
"33163632@N00";0;0;0;0;0;1
"33228691@N00";0;0;0;0;1;0
"33246890@N00";0;0;0;0;1;0
"33403520@N05";0.0370036101083032;0;0.234657039711191;0;0.0404332129963899;0.687906137184115
"33421999@N06";1;0;0;0;0;0
"33455071@N00";0;0;0;0;0;1
"33473816@N00";0.0367565922149081;0;0.0128229519424679;0.929340588257677;0.0210798675849473;0
"33547369@N00";0;0;0;0.163777161349977;0;0.836222838650023
"33609631@N00";1;0;0;0;0;0
"33622752@N04";1;0;0;0;0;0
"33745415@N00";0;0;1;0;0;0
"33795079@N06";0;1;0;0;0;0
"33825173@N00";0;1;0;0;0;0
"33906853@N00";0.625331816458096;0;0;0;0.339495638983694;0.0351725445582101
"33956295@N04";0;0.386964448495898;0.613035551504102;0;0;0
"34067201@N03";1;0;0;0;0;0
"34075985@N04";0.931296329777617;0;0.0687036702223829;0;0;0
"34128007@N04";0;0.114601226993865;0;0.885398773006135;0;0
"34211328@N00";0.252891992526535;0.166582744775862;0.171753879178979;0.0381093723084262;0.115355055852227;0.255306955357971
"34289491@N03";0.756216397849462;0;0.137936827956989;0;0.105846774193548;0
"34314322@N00";0;0.250245752001123;0;0.295510930112812;0;0.454243317886065
"34359854@N00";0;0;0;0;1;0
"34405262@N04";0;0;1;0;0;0
"34427466731@N01";0.0549396804695142;0.365096185197261;0.294669057711118;0.105803716987284;0.179491359634822;0
"34608255@N08";0.145384440916308;0;0;0.367883873894307;0;0.486731685189385
"34619038@N00";0.019677145987061;0.000186023438953308;0;0.538062462536946;0;0.442074368037039
"34961066@N00";0.776052848885219;0;0;0.220726672171759;0;0.0032204789430223
"35018975@N05";0.475879396984925;0.524120603015075;0;0;0;0
"35034347371@N01";0.347954827158794;0;0.168089794794105;0.0546756645090208;0.0447596749758986;0.384520038562182
"35034347485@N01";0.0229568411386593;0;0.187557392102847;0.189853076216713;0;0.599632690541781
"35034348378@N01";0.40043599188153;0;7.51710140569796e-05;0.590768999473803;0.0033075246185071;0.00541231301210253
"35034351963@N01";0;0;0;0;1;0
"35034355962@N01";0.731471015662845;0.268528984337155;0;0;0;0
"35034359137@N01";0.00309597523219814;0;0;0.46749226006192;0;0.529411764705882
"35034363039@N01";0.730627815056531;0;0.0219689309679198;0.000413640959647026;0;0.246989613015902
"35098292@N00";0;0;1;0;0;0
"35107151@N04";0.833736396614268;0;0;0;0;0.166263603385732
"35142635@N05";1;0;0;0;0;0
"35149176@N02";0.272690923630548;0;0.0415833666533387;0;0.685725709716114;0
"35237095202@N01";0;0;0;0;0;1
"35237095252@N01";0.899472113839798;0.0897406472343356;0;0.0107872389258664;0;0
"35261188@N00";0;0;0;1;0;0
"35284396@N00";0;1;0;0;0;0
"35322156@N00";0;0;0.118632240055827;0;0;0.881367759944173
"35325510@N07";0;0;0;0;1;0
"35409286@N00";0;0;0;0;1;0
"35468141621@N01";0;0;0;0;1;0
"35468159247@N01";0.453786906290116;0.340949935815148;0.205263157894737;0;0;0
"35477558@N04";0;1;0;0;0;0
"35511581@N00";0;0;0;0;1;0
"35764233@N00";0.190744029998026;0;0.085454904282613;0;0.719261890665088;0.00453917505427275
"35981213@N00";0;0;0;0;1;0
"36061217@N04";0.824100156494523;0;0;0;0;0.175899843505477
"36085412@N06";0;0.0885757944627179;0;0.819118903939292;0.0923053015979902;0
"36101699447@N01";0.775267538644471;0;0;0;0;0.224732461355529
"36127084@N00";0;0;0;0;0;1
"36252130@N00";0;0;0.285413677666188;0;0.714586322333812;0
"36357702@N08";0.812611012433393;0;0;0.125518058022499;0;0.0618709295441089
"36404721@N00";0;0.672972972972973;0.327027027027027;0;0;0
"36521964195@N01";0.465691932794665;0;0.15408490445043;0.160651532640759;0;0.219571630114146
"36521981547@N01";0;1;0;0;0;0
"36553196@N08";0.0732223903177005;0.9267776096823;0;0;0;0
"36919509@N03";0;1;0;0;0;0
"37007874@N00";0;0;1;0;0;0
"37027740@N00";0;0;1;0;0;0
"37153080@N00";0.0188169738534076;0;0;0.738319759965709;0.242863266180883;0
"37256969@N08";0;0.445820433436532;0;0;0.554179566563467;0
"37282294@N06";0.454861463378168;0;0.242371007961384;0.00334794611248458;0;0.299419582547963
"37449305@N07";0.0750507099391481;0;0;0.924949290060852;0;0
"37504944@N06";0.957142857142857;0;0;0.0428571428571429;0;0
"37517876@N07";0.170594488086905;0;0.199217028337352;0.118975396022919;0.00749267584454642;0.503720411708278
"37574483@N07";0;0.0309130978616952;0;0.700994698910001;0.268092203228304;0
"37649829@N03";0;1;0;0;0;0
"37663331@N00";0.715226142552688;0.112905517404689;0.0742600047359697;0;0.0729812929197253;0.0246270423869287
"37741243@N04";1;0;0;0;0;0
"37804979@N00";0.63721177184466;0.242490898058252;0;0.0372421116504854;0;0.0830552184466019
"37909157@N00";0;0;1;0;0;0
"37935394@N00";0;0;0.971599402092676;0;0.0284005979073244;0
"37996606796@N01";0;0.855191256830601;0.144808743169399;0;0;0
"37996612193@N01";0;0;0;0;1;0
"37996646802@N01";0;0;0;0.0176779741997133;0.982322025800287;0
"38030421@N08";0;0;0;0;1;0
"38102495@N00";1;0;0;0;0;0
"38435269@N07";0.885470085470085;0;0;0;0;0.114529914529915
"38501936@N05";1;0;0;0;0;0
"38791487@N03";1;0;0;0;0;0
"38883104@N00";0.015460729746444;0;0;0.00494743351886209;0;0.979591836734694
"39017338@N08";0;0;0.970588235294118;0;0;0.0294117647058824
"39038071@N00";0;0;0;0;0;1
"39342947@N00";0;1;0;0;0;0
"39357749@N00";0;0.0362577742490406;0.296899122226633;0.666843103524326;0;0
"39460517@N03";0.0233298236066582;0.102397261624491;0.11105721643183;0.0773086311671616;0.0328376337343886;0.65306943343547
"39501469@N07";0;0;0;0;0;1
"39587684@N00";0.0373056994818653;0;0.157383419689119;0.310233160621762;0;0.495077720207254
"39604225@N00";0;0;1;0;0;0
"39691940@N00";0;0;0;0;0;1
"40230716@N03";0.0262071441392928;0;0.973792855860707;0;0;0
"40437944@N00";0.023768115942029;0;0.936811594202899;0;0;0.0394202898550725
"40451262@N00";0.992150706436421;0;0;0;0;0.00784929356357928
"40505616@N00";0;1;0;0;0;0
"40689227@N00";1;0;0;0;0;0
"41038719@N00";1;0;0;0;0;0
"41095345@N02";0;1;0;0;0;0
"41101678@N00";0;0;0;0;1;0
"41506934@N03";0;1;0;0;0;0
"41555937@N00";1;0;0;0;0;0
"41634302@N08";0;1;0;0;0;0
"41721440@N00";0.821807168096921;0;0.001110550227158;0.177082281675921;0;0
"41745522@N08";1;0;0;0;0;0
"41757196@N00";1;0;0;0;0;0
"41814550@N00";0;0;0;1;0;0
"41894165897@N01";0;0;0;0.00217452696978255;0.997825473030217;0
"41894177347@N01";0;0;1;0;0;0
"41931500@N00";0.449904275686024;0;0.550095724313976;0;0;0
"41969093@N00";0;0;0.803008595988539;0.196991404011461;0;0
"42152564@N04";0;0;0;0;0;1
"42183741@N05";1;0;0;0;0;0
"42228781@N00";0.688915518274416;0.281440982624326;0;0;0;0.0296434991012582
"42261726@N00";1;0;0;0;0;0
"42536354@N00";0.0909677690936899;0;0.583776502448539;0;0;0.325255728457772
"42776905@N00";0;0;0.0584624378836598;0.0950014615609471;0;0.846536100555393
"42875348@N00";0;0;0.904699465016259;0;0;0.0953005349837407
"42907325@N00";0.0884539523592778;0;0.0387902695595003;0;0.872755778081222;0
"43067849@N00";1;0;0;0;0;0
"43124406@N00";1;0;0;0;0;0
"43139087@N00";0.38400275364383;0.00591083891183592;0.201799363813322;0.136697051702037;0.195615534349333;0.075974457579642
"43168431@N00";1;0;0;0;0;0
"43266097@N03";0;0;1;0;0;0
"43334562@N00";0.0628872366790582;0;0;0.0179677819083024;0;0.919144981412639
"43354049@N00";0;0;1;0;0;0
"43370110@N02";1;0;0;0;0;0
"43661283@N00";0.951612903225806;0;0.0483870967741936;0;0;0
"44082489@N00";0;1;0;0;0;0
"44124363348@N01";0.378185684355358;0;0.621814315644642;0;0;0
"44124366920@N01";0;0;1;0;0;0
"44124367252@N01";0.00124385476514837;0;0.0908013978558313;0;0.334745009773145;0.573209737605876
"44124367522@N01";0.00118285702215745;0.00671693809010836;0.38402720571151;0.607206978856431;0;0.000866020319793845
"44124372363@N01";1;0;0;0;0;0
"44124375256@N01";0;0;1;0;0;0
"44124427374@N01";0;0;0;0;1;0
"44124441621@N01";0;0.224248099592376;0;0;0.763027431970915;0.0127244684367082
"44129804@N03";0;0;1;0;0;0
"44317189@N00";0;0;1;0;0;0
"44359705@N07";0;0.132985658409387;0;0;0.867014341590613;0
"44438317@N03";0;0;0;0;0;1
"44510773@N08";0;0;0;0;1;0
"44576730@N06";0.0857142857142857;0;0;0.914285714285714;0;0
"44654079@N05";0.0129417620706819;0.895055583208893;0;0.00342901388197555;0;0.0885736408384492
"44925192@N00";0;0.825459317585302;0;0;0.174540682414698;0
"45448689@N04";0;0;0;0;0.485762144053601;0.514237855946399
"45667699@N00";0;0;0;0.621052631578947;0;0.378947368421053
"45742513@N00";0.0294962523304037;0.015399688011262;0.669434615530952;0.00758094585853974;0.278088498268843;0
"45972156@N04";1;0;0;0;0;0
"46026252@N00";1;0;0;0;0;0
"46414217@N00";1;0;0;0;0;0
"46588702@N00";0;0;0;0;0;1
"46708114@N07";0.327359093281053;0.195218657185913;0.177564168215092;0;0;0.299858081317942
"46769540@N00";0.0254975655590672;0;0.243187836337234;0.0182796617408388;0;0.71303493636286
"46989857@N00";0.232918814128328;0;0;0.343656910492222;0;0.423424275379451
"47072881@N06";1;0;0;0;0;0
"47247182@N00";1;0;0;0;0;0
"47275680@N00";0;0;1;0;0;0
"47501960@N00";0.159276709537756;0;0.0491531898637463;0.00888832293391061;0.451317967655673;0.331363810008914
"47554402@N00";0.492556461312308;0;0.507256447948684;0.000187090739008419;0;0
"47614548@N00";0;0;1;0;0;0
"47616704@N00";0.988979370249729;0.0110206297502714;0;0;0;0
"47643206@N00";0;0.536471235893201;0;0;0;0.463528764106799
"47672266@N00";0;0;1;0;0;0
"47868018@N00";0;0.00294181738940946;0.00435824798431031;0;0.99269993462628;0
"48085290@N00";0.0688703060902493;0.0113206058693594;0.796465762070054;0.00520668980751025;0.0816898075102556;0.0364468286525718
"48355243@N00";0;0;0.44398947060544;0;0.019157648435215;0.536852880959345
"48453097@N00";0;0.978263569742889;0;0;0;0.0217364302571109
"48600103384@N01";0.455713249766912;0.321972443799855;0;0.222314306433233;0;0
"48678427@N06";0.45580554439534;0;0;0.0520289272800321;0;0.492165528324628
"48784629@N00";0.0114992345916293;0.0110718614634994;0.0488859324219259;6.27779736235929e-05;0.925523592445395;0.00295660110392652
"48805529@N00";1;0;0;0;0;0
"48889054224@N01";0;1;0;0;0;0
"48889073020@N01";0;0.735290111686189;0.264709888313811;0;0;0
"48889116964@N01";0;0;0;0.908256880733945;0;0.091743119266055
"48929148@N00";0;0;0.81577417805969;0;0;0.18422582194031
"48986833@N00";0;0;0;0;0;1
"49033510@N00";0;0;1;0;0;0
"49075539@N06";0.37599691278621;0;0.624003087213789;0;0;0
"49291907@N00";0;0;1;0;0;0
"49502994427@N01";0.92983064562742;0;0.0114444251777354;0.000635801398763077;0;0.0580891277960811
"49503002894@N01";0.509983523200397;0;0;0;0.028559785978775;0.461456690820828
"49503159256@N01";1;0;0;0;0;0
"49503207397@N01";0.613361282033944;0.386638717966056;0;0;0;0
"49576181@N00";0;0;0.51793073530475;0.380991974549924;0.101077290145326;0
"49582157@N00";0.56367204535543;0;0;0.43632795464457;0;0
"49594238@N05";0;1;0;0;0;0
"49685418@N05";1;0;0;0;0;0
"49689051@N00";0;0;1;0;0;0
"49877040@N03";0.0504363001745201;0.876788830715532;0.018848167539267;0.0537521815008726;0;0.000174520069808028
"49889874@N05";0;0;0.610086199951664;0.373398856038025;0.010150648513655;0.00636429549665673
"49894734@N00";0;0;0.12275165667403;0;0;0.87724834332597
"49969498@N02";0;0;1;0;0;0
"50034279@N00";0.0668720318316006;0;0.00269541778975741;0;0;0.930432550378642
"50207065@N00";1;0;0;0;0;0
"50642338@N00";0.482114008769905;0;0.0290791599353796;0.473497961381645;0;0.0153088699130702
"50861256@N00";0.338858195211786;0;0;0;0.0195211786372007;0.641620626151013
"51035555243@N01";0;0;0.0856923076923077;0.370615384615385;0;0.543692307692308
"51035595117@N01";0;0;1;0;0;0
"51035610516@N01";0.301539028660953;0.403004331398028;0.0839553958160538;0.00239609252603447;0.0928946640862593;0.116210487512672
"51035681908@N01";0.340351979886864;0.556253928346952;0.0854808296668762;0;0.00911376492771842;0.0087994971715902
"51035729697@N01";0.0815154994259472;0.854955989284347;0;0.0635285112897053;0;0
"51050970@N07";1;0;0;0;0;0
"51149594@N07";0.859823313267141;0;0.0055116879055586;0;0.120260339301071;0.0144046595262294
"51260381@N05";0.973262032085562;0;0;0.0267379679144385;0;0
"51465598@N02";0;1;0;0;0;0
"51560606@N07";0;0;0;0;0;1
"51668926@N00";0.338621286414768;0.333862128641477;0.327516584943755;0;0;0
"52078443@N06";0;1;0;0;0;0
"52215743@N00";1;0;0;0;0;0
"52293377@N03";0;1;0;0;0;0
"52835300@N00";1;0;0;0;0;0
"53025862@N00";0.994086727989488;0.00591327201051248;0;0;0;0
"53088812@N00";1;0;0;0;0;0
"53242241@N00";0;0;0.914896021699819;0;0.0851039783001808;0
"53319639@N00";1;0;0;0;0;0
"53346833@N00";0.0530714584203928;0;0.946928541579607;0;0;0
"53400644@N05";1;0;0;0;0;0
"53726870@N00";1;0;0;0;0;0
"53874606@N00";0.156624984211191;0.699254768220286;0;0;0.144120247568523;0
"53888074@N00";0.989833641404806;0;0.0101663585951941;0;0;0
"54038992@N02";0;1;0;0;0;0
"54058873@N00";0.120802967204581;0;0.135291948637862;0.00232083984036092;0.721195557869165;0.0203886864480305
"54058921@N00";1;0;0;0;0;0
"54322086@N00";1;0;0;0;0;0
"54329815@N00";0;0;0;0;0;1
"54484406@N08";0;0;0;1;0;0
"54625768@N02";0;0;0;1;0;0
"54717162@N00";1;0;0;0;0;0
"54816622@N07";0;1;0;0;0;0
"54874446@N00";0;0;0.0100214745884037;0;0;0.989978525411596
"55289779@N00";0.589198435972629;0.00647605083088954;0.0166177908113392;0.206011730205279;0;0.181695992179863
"55372451@N00";1;0;0;0;0;0
"55929357@N00";0;0;0;0.499586008942207;0;0.500413991057793
"56020405@N08";0;0;0.779965457685665;0.033160621761658;0;0.186873920552677
"56261505@N00";0;1;0;0;0;0
"56277684@N06";1;0;0;0;0;0
"56381024@N00";0;0;0;1;0;0
"56489822@N08";0;0;0;1;0;0
"56525171@N00";0.0711009174311927;0.928899082568807;0;0;0;0
"56619626@N05";1;0;0;0;0;0
"56779003@N00";1;0;0;0;0;0
"56946277@N00";0;0;0;0;1;0
"56949082@N00";0.0104504504504505;0.000900900900900901;0.988648648648649;0;0;0
"57230884@N02";0.360613810741688;0;0;0;0;0.639386189258312
"57412095@N05";0;0;0;0.556818181818182;0;0.443181818181818
"57449260@N00";0;0;0;0;0;1
"57704782@N00";1;0;0;0;0;0
"57756296@N06";0.458743999443427;0;0;0;0.541256000556573;0
"57914633@N00";1;0;0;0;0;0
"57958712@N00";0.121761352467073;0;0.681187340279143;0.17240023589542;0;0.0246510713583645
"57977817@N00";0;0;1;0;0;0
"58395207@N00";1;0;0;0;0;0
"58502009@N00";0;0;0.224480422551384;0;0.775519577448616;0
"58664871@N08";1;0;0;0;0;0
"58798813@N00";0;0;1;0;0;0
"58919362@N00";0.0812610763921276;0;0.696017162578118;0;0;0.222721761029755
"59287499@N00";1;0;0;0;0;0
"59423102@N07";0;0;1;0;0;0
"59525924@N05";0.688804554079696;0.0777988614800759;0.108159392789374;0;0;0.125237191650854
"59724445@N07";0;0;0;0;0;1
"60142746@N00";0;0.645120405576679;0.276299112801014;0.0785804816223067;0;0
"60206297@N00";0;0;0;0;0;1
"60290858@N03";1;0;0;0;0;0
"60309376@N00";0.0152636178269735;0;0.741858432857559;0;0;0.242877949315468
"60388490@N00";0.61507750117426;0;0.38492249882574;0;0;0
"60514173@N00";0;0.171803889118742;0;0;0.60188249896566;0.226313611915598
"60514480@N00";0;0;0;0;1;0
"60597745@N00";0.624213381555154;0.20122965641953;0;0.0025497287522604;0.149023508137432;0.0229837251356239
"60659954@N04";1;0;0;0;0;0
"61117412@N07";0;0;1;0;0;0
"61239510@N00";0.110129163834126;0;0.0598232494901428;0.053025152957172;0;0.777022433718559
"61266278@N00";1;0;0;0;0;0
"61377999@N03";0;0.972469171207342;0;0;0;0.0275308287926584
"61392797@N00";0;0;0;1;0;0
"61545942@N08";0;0;0;0;0;1
"61609579@N00";0;0;0.553777777777778;0.216444444444444;0;0.229777777777778
"61825972@N08";0;0;0;1;0;0
"61861930@N00";0.163340724316334;0.776792313377679;0;0.032520325203252;0;0.0273466371027347
"62072751@N06";1;0;0;0;0;0
"62077150@N06";0.892353579175705;0.10385032537961;0;0.00379609544468547;0;0
"62153623@N05";0.986011904761905;0;0;0.0139880952380952;0;0
"62215001@N00";1;0;0;0;0;0
"62373848@N00";0;1;0;0;0;0
"62486370@N00";0.550791811510236;0.203026791671056;0;0;0.0123599845500193;0.233821412268689
"62586117@N05";0;0;0;0;0;1
"62959750@N00";0;0;1;0;0;0
"63125501@N00";0.170067131762538;0;0.765433723838357;0;0.0543898907463472;0.0101092536527577
"63221093@N00";0;0;1;0;0;0
"63327475@N02";0.174934725848564;0;0;0.825065274151436;0;0
"63390929@N07";0;0;0;0.210088769902776;0.330703113991828;0.459208116105397
"63483222@N03";0;1;0;0;0;0
"63612557@N00";0.981095835018197;0;0;0.0189041649818035;0;0
"63669108@N02";1;0;0;0;0;0
"63677124@N07";0.482313134420178;0;0.215104382597997;0.218287349711794;0.0474369090447087;0.036858224225322
"63706803@N00";0.396622875099383;0;0.390451671525385;0.114224056335895;0;0.0987013970393367
"63730733@N02";0.32241112828439;0.677588871715611;0;0;0;0
"63754555@N00";0.92375842276017;0.0731220364362366;0.00311954080359371;0;0;0
"63843310@N07";0;0;1;0;0;0
"64005175@N00";0.553139121238343;0.229266416690703;0;0;0.202903566964715;0.0146908951062398
"64085688@N00";0;0;0;1;0;0
"64509021@N06";1;0;0;0;0;0
"64590692@N03";0;0;0;0;0;1
"64721494@N00";1;0;0;0;0;0
"64834051@N00";0.134169503673177;0.000286686973660634;0;0;0.865543809353163;0
"65077953@N08";0;0;0;1;0;0
"65173084@N00";0;0;0;0;1;0
"65320201@N03";0;0.969478357380688;0.0305216426193119;0;0;0
"65327964@N00";0;1;0;0;0;0
"65438265@N00";0;1;0;0;0;0
"65481599@N00";0.145112209965766;0;0.517687333586915;0;0.336477748193229;0.000722708254089007
"65602984@N00";0.704026673506027;0.219757202701547;0;0;0;0.0762161237924254
"65846543@N00";1;0;0;0;0;0
"66071784@N08";1;0;0;0;0;0
"66373750@N02";1;0;0;0;0;0
"66526700@N00";0;0.212933458294283;0.701905654482974;0;0;0.0851608872227429
"66691654@N00";0;1;0;0;0;0
"66762373@N04";0.992771561540747;0.00722843845925339;0;0;0;0
"66907518@N00";0;0;0;0;1;0
"66911784@N06";0.0796545105566219;0;0.873320537428023;0.0470249520153551;0;0
"67008765@N00";0;0;0;0;1;0
"67194633@N00";0;0.745397395599461;0;0;0;0.254602604400539
"67458569@N00";0;0;0;0;0;1
"67694608@N00";0.670333745364648;0;0;0.0168108776266996;0.266254635352287;0.0466007416563659
"67777553@N02";0;0;0;0.667196242315397;0.332354769634593;0.000448988050010361
"67805043@N06";0.171694764862467;0.698314108251996;0;0;0;0.129991126885537
"67917860@N00";0;0;0.623376623376623;0.376623376623377;0;0
"67952341@N00";0.199014778325123;0;0;0.0197044334975369;0.78128078817734;0
"67961268@N00";0;1;0;0;0;0
"68009656@N00";0;0;0;0;0;1
"68151423@N00";1;0;0;0;0;0
"68379435@N00";1;0;0;0;0;0
"68688301@N00";1;0;0;0;0;0
"68777082@N00";0;0;1;0;0;0
"68803445@N00";0.104290991759022;0.895709008240978;0;0;0;0
"68815984@N00";0;0;0;0;1;0
"68894626@N00";0.740471092077088;0;0;0;0.259528907922912;0
"68979377@N00";0;0;1;0;0;0
"69216242@N00";0;1;0;0;0;0
"69349066@N00";0;0.971704623878537;0;0;0.026685070163331;0.00161030595813205
"69367147@N00";0;0;0.977215189873418;0;0;0.0227848101265823
"69525052@N06";0;0;0;0;0;1
"69635173@N00";1;0;0;0;0;0
"69708810@N00";0;0;1;0;0;0
"69754957@N00";0.226636422553467;0.28302009073234;0.000648088139987038;0.202268308489955;0.278224238496435;0.00920285158781594
"69756126@N00";1;0;0;0;0;0
"69843317@N00";1;0;0;0;0;0
"69874063@N00";0;0;0;0;0;1
"70289230@N00";0.753044614744846;0;0.243450365353769;0.00100992098853443;0;0.00249509891284976
"70307237@N00";1;0;0;0;0;0
"70319561@N00";0;1;0;0;0;0
"70554294@N00";0;0.870647773279352;0;0.110931174089069;0;0.0184210526315789
"70597029@N00";0;0;1;0;0;0
"7119320@N05";0;0;0.805375347544022;0.092678405931418;0;0.10194624652456
"71206023@N00";0.633603238866397;0;0.097165991902834;0;0;0.269230769230769
"71401076@N00";0.342031122462413;0.266831670133495;0.336528081308091;0;0.0546091260960004;0
"71423916@N00";0;0;0;0;0;1
"71482738@N00";0.226778561892047;0.0109352152075784;0.047746201284252;0.221120223790451;0;0.493419797825672
"7159179@N03";0;0.832023770221195;0;0;0;0.167976229778805
"71609752@N00";0.836363636363636;0.163636363636364;0;0;0;0
"7163248@N04";0;1;0;0;0;0
"7168480@N02";1;0;0;0;0;0
"7173709@N07";0;0;1;0;0;0
"7184658@N06";0;1;0;0;0;0
"7202153@N03";0.762481644640235;0;0.0827826725403818;0.154735682819383;0;0
"72236905@N00";1;0;0;0;0;0
"7262621@N06";0;0;0;0;1;0
"72693550@N00";0;1;0;0;0;0
"72778314@N00";0;0;0.585689884228506;0;0;0.414310115771494
"7281367@N03";0;0;0;0;0;1
"72923553@N00";0;0;0;1;0;0
"73001770@N00";0;0.922116091109478;0;0;0;0.0778839088905217
"73101728@N00";1;0;0;0;0;0
"73293249@N00";0;1;0;0;0;0
"73416633@N00";1;0;0;0;0;0
"73453229@N00";0.919168591224018;0;0.0337182448036951;0.0471131639722864;0;0
"7367375@N04";0.54869109947644;0.169808027923211;0.281500872600349;0;0;0
"73843395@N00";0;0;0;0;1;0
"74199783@N00";0;1;0;0;0;0
"74547255@N00";0;0;0.01920644957319;0;0.961033828643693;0.0197597217831173
"74648938@N00";0.18572202655107;0;0;0.35633974532647;0;0.45793822812246
"75249262@N08";0.0660027790643817;0;0.91894395553497;0.0150532654006484;0;0
"75396048@N00";0;0;0.963222416812609;0;0;0.0367775831873905
"75450299@N07";0;0;0.149271483794231;0.368123699078204;0;0.482604817127565
"7549069@N03";1;0;0;0;0;0
"75511860@N00";0;0;0.450445717384673;0.178541165305223;0;0.371013117310104
"75546495@N03";0;0;0;0;0.572170849845883;0.427829150154117
"7571130@N05";0;0;0;0;1;0
"7592262@N02";0;1;0;0;0;0
"75973921@N00";0.874327956989247;0;0;0.00319220430107527;0;0.122479838709677
"7616875@N04";0.988639382432454;0;0;0;0.00800087509571359;0.00335974247183286
"76222606@N03";0;0;0;0;1;0
"76323119@N00";0.000744179453559658;0.116375491689996;0.395974343527411;0;0;0.486905985329034
"76474448@N00";0;1;0;0;0;0
"76551426@N00";0;0;0;0;1;0
"76692842@N07";0;0;0;0;0;1
"76714146@N03";1;0;0;0;0;0
"76741766@N00";1;0;0;0;0;0
"7680826@N04";0;0;1;0;0;0
"76945626@N00";0;0;0;1;0;0
"77112637@N00";0;0.172335093529043;0.00980041170679316;0.0196903248903607;0;0.798174169873803
"7733020@N03";0;0.0479041916167665;0.000362910542551261;0;0.951732897840682;0
"77356400@N00";0.490645958348041;0;0;0;0.509354041651959;0
"77483134@N00";0;0;0.658826287411112;0;0.332656091271392;0.00851762131749629
"7768566@N07";0.000601594224695443;0;0;0;0;0.999398405775305
"77689978@N00";1;0;0;0;0;0
"7776449@N06";0.422710438315774;0.0180863687030312;0.187659559167236;0.0176908417532631;0;0.353852792060695
"77799978@N00";1;0;0;0;0;0
"77991136@N03";0;0;0;0;0;1
"78015320@N00";0.671494404213298;0.322975641869651;0;0;0;0.00552995391705069
"78119761@N07";1;0;0;0;0;0
"78191101@N00";0;0;1;0;0;0
"78266179@N00";0;1;0;0;0;0
"78353539@N00";0;0;1;0;0;0
"78433558@N00";0;0.168539325842697;0;0.831460674157303;0;0
"78436447@N00";0.179558485254231;0.0376397615042172;0.231572080887149;0;0;0.551229672354402
"78961286@N00";0;0;0;1;0;0
"7910884@N08";0;0;1;0;0;0
"79112147@N00";0;0.420575865415723;0.0800711743772242;0;0.348754448398576;0.150598511808476
"79281747@N00";0.685206034676875;0;0;0;0;0.314793965323125
"7956831@N04";0;0;0;0;1;0
"79781814@N00";0;1;0;0;0;0
"79833224@N00";0;0;0;0;1;0
"80316774@N00";0;0;0;0;1;0
"8070489@N02";0;0;0.389156411628322;0;0;0.610843588371678
"8086976@N02";0.630547064403921;0;0.136818804680089;0;0;0.23263413091599
"80988556@N00";0.251745681734656;0;0;0.543550165380375;0.204704152884969;0
"81076746@N00";1;0;0;0;0;0
"8110030@N05";0.234951218015586;0;0.524575075167209;0.0202491256059397;0.216481561023501;0.00374302018776462
"81211130@N00";0;0;0.308698296836983;0;0;0.691301703163017
"81324440@N00";0;0;1;0;0;0
"81354599@N00";0;1;0;0;0;0
"81471618@N06";0;0.16928147659855;0;0.587607119314436;0;0.243111404087014
"8149753@N05";0;1;0;0;0;0
"81685076@N00";0;0;1;0;0;0
"82277001@N00";0;0;0;0;0;1
"82405581@N00";0.0336452560491808;0;0;0.00817661488143908;0.95817812906938;0
"8250978@N04";0.0853814644137225;0;0;0.0136968766001024;0;0.900921658986175
"82568321@N00";0;0;0.828073273008166;0.171926726991834;0;0
"82646093@N00";0.28714859437751;0;0.22289156626506;0.48995983935743;0;0
"8273134@N08";0;0;0;0;1;0
"82845843@N04";1;0;0;0;0;0
"8389569@N08";0;0;0;0;0;1
"84035351@N00";0;0;0;0;0;1
"84197163@N00";0.465774980330448;0;0.035142932074482;0;0.308418568056648;0.190663519538421
"84213418@N00";0;0.843169527392429;0.117093816129791;0.0397366564777804;0;0
"84213851@N00";1;0;0;0;0;0
"84337607@N00";0;0;1;0;0;0
"84518681@N00";0.341402736580232;0;0;0;0.658597263419768;0
"8466254@N03";0.424160079051383;0;0.575839920948617;0;0;0
"84711541@N00";0.00952327285021977;0;0.321509072467035;0.0277527330102558;0.0385157218528119;0.602699199819678
"84800532@N02";0.201882635689966;0.798117364310034;0;0;0;0
"84987970@N00";0.034586983888274;0.153963298721707;0.112621556086887;0.0985185153893597;0.373007156073369;0.227302489840403
"8509783@N03";0;0;0;0;0;1
"85173164@N00";0;0;1;0;0;0
"85213921@N04";0;0.722222222222222;0.277777777777778;0;0;0
"85397023@N00";0;0;1;0;0;0
"85777547@N00";1;0;0;0;0;0
"85801042@N00";0.589090143218197;0.394060657118787;0.0018955349620893;0.0149536647009267;0;0
"86095634@N00";0;0;1;0;0;0
"86292040@N00";0.926582278481013;0;0;0;0;0.0734177215189873
"86485258@N07";0;0;1;0;0;0
"86814251@N00";0;1;0;0;0;0
"86822950@N03";0;0;0;0;1;0
"8684258@N02";1;0;0;0;0;0
"86993416@N00";0.838300272633261;0;0.161699727366739;0;0;0
"87085448@N00";1;0;0;0;0;0
"87106106@N00";0;0;1;0;0;0
"87164784@N00";0;1;0;0;0;0
"87473264@N00";0.499445471349353;0;0.500554528650647;0;0;0
"87533529@N00";0;0;0;0;1;0
"87964435@N04";0;1;0;0;0;0
"88105592@N00";0;0.850613154960981;0;0.149386845039019;0;0
"8815250@N02";0;0;0;0;1;0
"88307048@N06";1;0;0;0;0;0
"88943473@N00";0;0.998917780572699;0;0;0;0.00108221942730118
"88982631@N00";0;0;0;0;0;1
"89093444@N00";1;0;0;0;0;0
"89285199@N00";0;0;0;0;0;1
"89461633@N00";0;0;1;0;0;0
"89466786@N00";0.210127201565558;0;0.329011741682975;0;0;0.460861056751468
"89504146@N00";0;0;0.0072169598556608;0;0.992783040144339;0
"89613559@N07";0.228659430918158;0.771340569081842;0;0;0;0
"89958805@N00";1;0;0;0;0;0
"9025385@N07";0;0.0610526908512465;0;0.913326857834649;0.0256204513141039;0
"90425990@N00";0;1;0;0;0;0
"9050799@N06";0.991406473789745;0;0;0.00859352621025494;0;0
"90678392@N00";0;0;0;0;1;0
"90721168@N00";1;0;0;0;0;0
"90818051@N00";0;1;0;0;0;0
"91008793@N00";0.856076416760315;0.134130679081715;0;0;0.00979290415797078;0
"91032493@N00";0.184544684967953;0.225783045108236;0.251058169065183;0.0111258918853549;0.255653646148265;0.0718345628250091
"91082225@N00";0;0;0;0;0;1
"91255327@N00";0;0;0;0;0.265927977839335;0.734072022160665
"91312924@N00";0;0;0;0;0;1
"91387326@N00";0.698788698870213;0;0;0;0.17809224147769;0.123119059652097
"91575892@N00";0.1414708886619;0.8585291113381;0;0;0;0
"9161595@N03";0.000546846518410499;0.410590594239883;0;0.000820269777615749;0;0.58804228946409
"91855519@N00";1;0;0;0;0;0
"92155161@N00";1;0;0;0;0;0
"9225942@N03";1;0;0;0;0;0
"92354342@N00";0;1;0;0;0;0
"92431035@N00";0.229575402635432;0.770424597364568;0;0;0;0
"92487715@N03";0;0.26659307790913;0;0;0;0.73340692209087
"92607898@N00";0.0634356762243086;0.936564323775691;0;0;0;0
"93159879@N00";0;0;0;1;0;0
"93241698@N00";0;0.793985637342909;0.00538599640933573;0.0807899461400359;0;0.11983842010772
"93243688@N00";1;0;0;0;0;0
"93507286@N00";1;0;0;0;0;0
"93645046@N00";0.440109719691389;0;0.380830070174078;0.0891327104253092;0.00135695731399992;0.0885705423952235
"93741870@N00";0;0;0;1;0;0
"93851844@N00";1;0;0;0;0;0
"93852598@N00";0;0.900785448532451;0;0;0.0992145514675486;0
"93897327@N00";0.139285714285714;0;0.860714285714286;0;0;0
"94064020@N00";0.151030543829153;0;0.132803575862925;0.0026818971939409;0.383709957784952;0.329774025329029
"9416709@N08";0.250673854447439;0;0;0;0;0.749326145552561
"94382772@N00";0;0;0.849889367648771;0;0;0.150110632351229
"94409852@N03";0;0;0;0;0;1
"94416001@N00";0.0729897999735064;0;0.84792687773215;0;0;0.0790833222943436
"9449875@N03";0.273442247881886;0.166617810031101;0.453144103242412;0.0033246344689522;0.00827226253887677;0.0951989418367712
"94662720@N00";0.985305491105955;0;0.0146945088940449;0;0;0
"94725783@N00";0.388746803069054;0;0.611253196930946;0;0;0
"94828981@N08";0;0;0.371943969142426;0.0107595487369856;0;0.617296482120588
"9492113@N02";0;0;0.937517600675866;0;0.0349901436215151;0.027492255702619
"95128448@N00";0;0;0;0.311538461538462;0;0.688461538461538
"95674706@N00";0;1;0;0;0;0
"9584004@N03";0.186490455212922;0;0.813509544787078;0;0;0
"9595542@N03";0;0;0.00422089342244108;0;0;0.995779106577559
"96083563@N00";1;0;0;0;0;0
"96241281@N00";0;0;0;0.000201954923661039;0;0.999798045076339
"96416581@N00";0;0;0;1;0;0
"96684313@N00";0.992949397891059;0;0;0.00705060210894116;0;0
"97092152@N00";0;0;1;0;0;0
"97171555@N00";0;0;0.895459641255605;0;0;0.104540358744395
"97241039@N00";0;1;0;0;0;0
"97373666@N00";1;0;0;0;0;0
"97478728@N00";0;0;1;0;0;0
"97675182@N00";0;0.0972698412698413;0;0;0.902730158730159;0
"97768382@N00";1;0;0;0;0;0
"97904784@N00";0.47035342225684;0.52964657774316;0;0;0;0
"98001747@N00";1;0;0;0;0;0
"98123816@N00";0;0;1;0;0;0
"98153629@N00";0.00562719812426729;0.384056271981243;0;0;0.61031652989449;0
"98185064@N00";0.0856089084332222;0;0;0;0.914391091566778;0
"98222757@N02";0.801033591731266;0;0;0.198966408268734;0;0
"98321778@N00";0.42549461557726;0;0.521036814425244;0;0;0.0534685699974956
"98453206@N00";0;1;0;0;0;0
"98471558@N00";0;0;1;0;0;0
"98715075@N00";0;0;0;0.0472370766488413;0.952380952380952;0.000381970970206264
"9911655@N08";0.0281538599479961;0;0.0556128395947279;0.198825428135928;0.00724020442930153;0.710167667892047
"99125755@N00";1;0;0;0;0;0
"99127884@N00";0.832655826558266;0.00218307738632942;0.00858175248419151;0.0404998494429389;0.0013550135501355;0.114724480578139
"99336797@N00";0;1;0;0;0;0
"99385068@N00";1;0;0;0;0;0
"9942515@N05";0;0;0;0;0;1
"99436246@N00";0;1;0;0;0;0
"99771506@N00";0.522197140707299;0;0.27105951485184;0.117954781611666;0;0.0887885628291949
"9985167@N04";0.136182638704539;0;0.0677727634722591;0.248181576851606;0;0.547863020971595
"99906907@N00";0.77895457624091;0;0.22104542375909;0;0;0
